"","LineID","Lower","Estimate","Upper"
"1","Group CSF2RB_R461C",38454.8589559351,28214.0652743,20700.4654526135
"2","Group CSF2RB_WT",928071.33154619,348488.217817426,130856.361822142
"3","Group CSF3R_T618I",2.26153859762814,1.90699710449157,1.60803709490224
"4","Group CSF3R_W791X",575.960409920384,478.37655454325,397.326142552583
"5","Group CSF3R_WT",1891.60220021611,1597.320707245,1348.82135445929
"6","Group IL7R_243InsPPCL",1128.96426329162,925.082249541897,758.019714390591
"7","Group IL7R_WT",13713281.8429213,1931046.66317462,271921.868016059
"8","Group P210_Fusion",1.15238065777923,1.01185408736485,1
"9","Group Vector_Empty",137709.096348056,89779.0879633245,58531.2433911714
