"","LineID","Lower","Estimate","Upper"
"1","Group CSF2RB_R461C",55329.0510986653,40601.1847446005,29793.6828832574
"2","Group CSF2RB_WT",1335855.43420549,501479.384434609,188255.081031642
"3","Group CSF3R_T618I",3.18609801454666,2.68482716591675,2.26242158211515
"4","Group CSF3R_W791X",852.433548243946,707.801805838957,587.709619572034
"5","Group CSF3R_WT",2701.27781884157,2279.55191180661,1923.66623024713
"6","Group IL7R_243InsPPCL",1655.2149566693,1358.04647865607,1114.23004653203
"7","Group IL7R_WT",18620769.058638,2621558.20327002,369080.750182239
"8","Group P210_Fusion",1.63121513750674,1.43199838434497,1.25711153949988
"9","Group Vector_Empty",194799.108653517,127095.056763188,82922.1117349627
